"epic_id","epic_title","story_id","story_title","description","acceptance_criteria","priority","complexity","phase","labels","dependencies"
"epic-notification-delivery","Notification Delivery","story-fix-mobile-delivery","Fix Mobile Notification Delivery Issues","Resolve silent failures in push notifications for users on Android 14 to ensure reliable notification delivery.","GIVEN a user on Android 14 WHEN they receive a push notification THEN the notification should be delivered without failure.","P0","complex","MVP","notification, Android, delivery",""
"epic-notification-performance","Notification Performance","story-reduce-latency","Reduce Notification Delivery Latency","Improve notification delivery latency from p95 340ms to under 200ms by optimizing the delivery pipeline.","GIVEN a notification is sent WHEN measured THEN the p95 delivery latency should be under 200ms.","P0","complex","MVP","notification, performance",""
"epic-notification-prioritization","Notification Prioritization","story-notification-priority-levels","Add Notification Priority Levels","Implement a three-tier notification priority system (urgent, normal, low) to help users distinguish between critical alerts and routine updates.","GIVEN a user receives notifications WHEN they are categorized by priority THEN the user can see visual indicators for urgent, normal, and low notifications.","P1","medium","MVP","notification, priority",""
"epic-notification-compliance","Notification Compliance","story-document-compliance","Document Compliance for Notification Features","Create compliance documentation for notification features to ensure adherence to legal and accessibility standards.","GIVEN notification features are implemented WHEN compliance documentation is created THEN it should meet legal and accessibility standards.","P0","medium","V1","compliance, notification","story-fix-mobile-delivery, story-reduce-latency, story-notification-priority-levels"
"epic-notification-preferences","Notification Preferences","story-granular-preferences","Implement Granular Notification Preferences","Allow admins to configure notification preferences at a granular level, enabling defaults per team and individual overrides.","GIVEN an admin accesses the notification settings WHEN they configure preferences THEN the settings should apply to the specified teams or users.","P1","medium","V1","notification, preferences","story-fix-mobile-delivery, story-reduce-latency, story-notification-priority-levels"
"epic-notification-preferences","Notification Preferences","story-user-preference-page","Add User Preference Page for Notification Categories","Create a settings page where users can opt in/out of specific notification categories (marketing, product updates, social, transactional).","GIVEN a user accesses the notification settings page WHEN they select categories THEN their preferences should be saved and respected.","P1","medium","V1","notification, preferences","story-fix-mobile-delivery, story-reduce-latency, story-notification-priority-levels"
"epic-notification-monitoring","Notification Monitoring","story-monitor-delivery-performance","Monitor Notification Delivery Performance","Implement monitoring and alerting for notification delivery performance metrics to ensure compliance with SLAs.","GIVEN monitoring is set up WHEN performance metrics are collected THEN alerts should trigger if thresholds are exceeded.","P1","medium","V1","monitoring, notification","story-fix-mobile-delivery, story-reduce-latency, story-notification-priority-levels"
"epic-accessibility","Notification Accessibility","story-accessibility-features","Enhance Accessibility Features in Notification Center","Improve accessibility in the notification center for users with disabilities, addressing color-only priority indicators.","GIVEN a user with disabilities accesses the notification center WHEN they navigate THEN they should be able to identify notifications without relying solely on color.","P2","medium","V1","accessibility, notification","story-fix-mobile-delivery, story-reduce-latency, story-notification-priority-levels"
"epic-notification-testing","Notification Testing","story-ab-testing-content","Conduct A/B Testing on Notification Content","Perform A/B testing on different notification content styles to determine which formats yield higher CTR and lower unsubscribe rates.","GIVEN different notification content styles are tested WHEN users interact with notifications THEN the CTR and unsubscribe rates should be measured and compared.","P2","medium","V2","testing, notification","story-document-compliance, story-granular-preferences, story-user-preference-page, story-monitor-delivery-performance, story-accessibility-features"
"epic-user-feedback","User Feedback","story-collect-user-feedback","Gather User Feedback on Notification Preferences","Collect user feedback on notification preferences to inform future enhancements and ML model training.","GIVEN a feedback collection mechanism is in place WHEN users provide feedback THEN the data should be stored for analysis.","P2","medium","V2","feedback, notification","story-document-compliance, story-granular-preferences, story-user-preference-page, story-monitor-delivery-performance, story-accessibility-features"
"epic-notification-batching","Notification Batching","story-ml-notification-batching","Implement ML-based Notification Batching","Batch low-priority notifications into a digest delivered at optimal times based on user engagement patterns.","GIVEN a user has low-priority notifications WHEN the ML model determines optimal timing THEN the notifications should be batched and delivered accordingly.","P2","complex","V2","notification, ML, batching","story-document-compliance, story-granular-preferences, story-user-preference-page, story-monitor-delivery-performance, story-accessibility-features"
